HFDTLT,LBLHFDTLT,GEWASGROEP,Label,CODE9,LABEL_2019_ENG,CODE9_EN
901,Aardappelen (geplande oogst vanaf 1/9),Aardappelen,Pomme de terre,POMM_TERR,Potato,POTATO
902,Aardappelen (pootgoed),Aardappelen,Pomme de terre,POMM_TERR,Potato,POTATO
904,Aardappelen (geplande oogst voor 1/9),Aardappelen,Pomme de terre,POMM_TERR,Potato,POTATO
9201,Hazelnoten,Fruit en Noten,verger,VERGER,Orchard,ORCHARD
9202,Walnoten,Fruit en Noten,Noyers,NOYERS,Walnut,WALNUT
9516,Aardbeien,Fruit en Noten,"Fruits, légumes, fleurs",FR_LE_FLE,"Flower, fruit, vegetable",FL_FR_VEG
9710,Meerjarige fruitteelten (appel),Fruit en Noten,"Fruits, légumes, fleurs",FR_LE_FLE,"Flower, fruit, vegetable",FL_FR_VEG
9711,Meerjarige fruitteelten (peer),Fruit en Noten,"Fruits, légumes, fleurs",FR_LE_FLE,"Flower, fruit, vegetable",FL_FR_VEG
9713,Meerjarige fruitteelten (pruim),Fruit en Noten,"Fruits, légumes, fleurs",FR_LE_FLE,"Flower, fruit, vegetable",FL_FR_VEG
9714,Andere meerjarige fruitteelten,Fruit en Noten,"Fruits, légumes, fleurs",FR_LE_FLE,"Flower, fruit, vegetable",FL_FR_VEG
9715,Druiven,Fruit en Noten,"Fruits, légumes, fleurs",FR_LE_FLE,"Flower, fruit, vegetable",FL_FR_VEG
9717,Frambozen,Fruit en Noten,"Fruits, légumes, fleurs",FR_LE_FLE,"Flower, fruit, vegetable",FL_FR_VEG
9718,Rode bessen,Fruit en Noten,"Fruits, légumes, fleurs",FR_LE_FLE,"Flower, fruit, vegetable",FL_FR_VEG
9719,Stekelbessen,Fruit en Noten,"Fruits, légumes, fleurs",FR_LE_FLE,"Flower, fruit, vegetable",FL_FR_VEG
972,Andere eenjarige fruitteelten,Fruit en Noten,"Fruits, légumes, fleurs",FR_LE_FLE,"Flower, fruit, vegetable",FL_FR_VEG
9720,Zwarte bessen,Fruit en Noten,"Fruits, légumes, fleurs",FR_LE_FLE,"Flower, fruit, vegetable",FL_FR_VEG
9721,Braambessen,Fruit en Noten,"Fruits, légumes, fleurs",FR_LE_FLE,"Flower, fruit, vegetable",FL_FR_VEG
9722,Blauwe bessen,Fruit en Noten,"Fruits, légumes, fleurs",FR_LE_FLE,"Flower, fruit, vegetable",FL_FR_VEG
9723,Andere bessen,Fruit en Noten,"Fruits, légumes, fleurs",FR_LE_FLE,"Flower, fruit, vegetable",FL_FR_VEG
9725,"Meerjarige fruitteelten (zoete kers, laagstam)",Fruit en Noten,"Fruits, légumes, fleurs",FR_LE_FLE,"Flower, fruit, vegetable",FL_FR_VEG
9726,"Meerjarige fruitteelten (zoete kers, hoogstam)",Fruit en Noten,"Fruits, légumes, fleurs",FR_LE_FLE,"Flower, fruit, vegetable",FL_FR_VEG
9727,Meerjarige fruitteelten (zure kers),Fruit en Noten,"Fruits, légumes, fleurs",FR_LE_FLE,"Flower, fruit, vegetable",FL_FR_VEG
9728,Meerjarige fruitteelten (perzik),Fruit en Noten,"Fruits, légumes, fleurs",FR_LE_FLE,"Flower, fruit, vegetable",FL_FR_VEG
9729,Kiwibes,Fruit en Noten,"Fruits, légumes, fleurs",FR_LE_FLE,"Flower, fruit, vegetable",FL_FR_VEG
9730,Meerjarige fruitteelten hoogstam (appel),Fruit en Noten,"Fruits, légumes, fleurs",FR_LE_FLE,"Flower, fruit, vegetable",FL_FR_VEG
9731,Meerjarige fruitteelten hoogstam (peer),Fruit en Noten,"Fruits, légumes, fleurs",FR_LE_FLE,"Flower, fruit, vegetable",FL_FR_VEG
605,Zaaizaad groenten,"Groenten, kruiden en sierplanten","Fruits, légumes, fleurs",FR_LE_FLE,"Flower, fruit, vegetable",FL_FR_VEG
831,Erwten (andere dan droog geoogst) - industrie,"Groenten, kruiden en sierplanten","Fruits, légumes, fleurs",FR_LE_FLE,"Flower, fruit, vegetable",FL_FR_VEG
8409,Pastinaak - industrie,"Groenten, kruiden en sierplanten","Fruits, légumes, fleurs",FR_LE_FLE,"Flower, fruit, vegetable",FL_FR_VEG
8410,Stamslabonen/sperziebonen - industrie,"Groenten, kruiden en sierplanten","Fruits, légumes, fleurs",FR_LE_FLE,"Flower, fruit, vegetable",FL_FR_VEG
8411,Snijbonen - industrie,"Groenten, kruiden en sierplanten","Fruits, légumes, fleurs",FR_LE_FLE,"Flower, fruit, vegetable",FL_FR_VEG
8412,Flageolets (voor de boon) - industrie,"Groenten, kruiden en sierplanten","Fruits, légumes, fleurs",FR_LE_FLE,"Flower, fruit, vegetable",FL_FR_VEG
8456,Butternutpompoenen - industrie,"Groenten, kruiden en sierplanten","Fruits, légumes, fleurs",FR_LE_FLE,"Flower, fruit, vegetable",FL_FR_VEG
8511,Asperges - industrie,"Groenten, kruiden en sierplanten","Fruits, légumes, fleurs",FR_LE_FLE,"Flower, fruit, vegetable",FL_FR_VEG
8512,Spruitkool - industrie,"Groenten, kruiden en sierplanten","Fruits, légumes, fleurs",FR_LE_FLE,"Flower, fruit, vegetable",FL_FR_VEG
8513,Sjalotten - industrie,"Groenten, kruiden en sierplanten","Fruits, légumes, fleurs",FR_LE_FLE,"Flower, fruit, vegetable",FL_FR_VEG
8514,Ajuinen (niet-vroege) - industrie,"Groenten, kruiden en sierplanten","Fruits, légumes, fleurs",FR_LE_FLE,"Flower, fruit, vegetable",FL_FR_VEG
8515,Witloof (forcerie) - industrie,"Groenten, kruiden en sierplanten","Fruits, légumes, fleurs",FR_LE_FLE,"Flower, fruit, vegetable",FL_FR_VEG
8517,Rabarber - industrie,"Groenten, kruiden en sierplanten","Fruits, légumes, fleurs",FR_LE_FLE,"Flower, fruit, vegetable",FL_FR_VEG
8518,Kropsla - industrie,"Groenten, kruiden en sierplanten","Fruits, légumes, fleurs",FR_LE_FLE,"Flower, fruit, vegetable",FL_FR_VEG
8519,Spinazie - industrie,"Groenten, kruiden en sierplanten","Fruits, légumes, fleurs",FR_LE_FLE,"Flower, fruit, vegetable",FL_FR_VEG
8523,Bloemkool - industrie,"Groenten, kruiden en sierplanten","Fruits, légumes, fleurs",FR_LE_FLE,"Flower, fruit, vegetable",FL_FR_VEG
8524,Boerenkool - industrie,"Groenten, kruiden en sierplanten","Fruits, légumes, fleurs",FR_LE_FLE,"Flower, fruit, vegetable",FL_FR_VEG
8525,Broccoli - industrie,"Groenten, kruiden en sierplanten","Fruits, légumes, fleurs",FR_LE_FLE,"Flower, fruit, vegetable",FL_FR_VEG
8527,Rode kool - industrie,"Groenten, kruiden en sierplanten","Fruits, légumes, fleurs",FR_LE_FLE,"Flower, fruit, vegetable",FL_FR_VEG
8528,Koolraap - industrie,"Groenten, kruiden en sierplanten","Fruits, légumes, fleurs",FR_LE_FLE,"Flower, fruit, vegetable",FL_FR_VEG
8529,Koolrabi - industrie,"Groenten, kruiden en sierplanten","Fruits, légumes, fleurs",FR_LE_FLE,"Flower, fruit, vegetable",FL_FR_VEG
8530,Raap - industrie,"Groenten, kruiden en sierplanten","Fruits, légumes, fleurs",FR_LE_FLE,"Flower, fruit, vegetable",FL_FR_VEG
8533,Schorseneer - industrie,"Groenten, kruiden en sierplanten","Fruits, légumes, fleurs",FR_LE_FLE,"Flower, fruit, vegetable",FL_FR_VEG
8534,(Knol)venkel - industrie,"Groenten, kruiden en sierplanten","Fruits, légumes, fleurs",FR_LE_FLE,"Flower, fruit, vegetable",FL_FR_VEG
8535,Wortel (niet-vroege) (consumptie) - industrie,"Groenten, kruiden en sierplanten","Fruits, légumes, fleurs",FR_LE_FLE,"Flower, fruit, vegetable",FL_FR_VEG
8537,Andijvie - industrie,"Groenten, kruiden en sierplanten","Fruits, légumes, fleurs",FR_LE_FLE,"Flower, fruit, vegetable",FL_FR_VEG
8538,Prei - industrie,"Groenten, kruiden en sierplanten","Fruits, légumes, fleurs",FR_LE_FLE,"Flower, fruit, vegetable",FL_FR_VEG
8539,Bladselder - industrie,"Groenten, kruiden en sierplanten","Fruits, légumes, fleurs",FR_LE_FLE,"Flower, fruit, vegetable",FL_FR_VEG
8540,Witte kool - industrie,"Groenten, kruiden en sierplanten","Fruits, légumes, fleurs",FR_LE_FLE,"Flower, fruit, vegetable",FL_FR_VEG
8541,Courgettes - industrie,"Groenten, kruiden en sierplanten","Fruits, légumes, fleurs",FR_LE_FLE,"Flower, fruit, vegetable",FL_FR_VEG
8542,Veldsla - industrie,"Groenten, kruiden en sierplanten","Fruits, légumes, fleurs",FR_LE_FLE,"Flower, fruit, vegetable",FL_FR_VEG
8543,Knolselder - industrie,"Groenten, kruiden en sierplanten","Fruits, légumes, fleurs",FR_LE_FLE,"Flower, fruit, vegetable",FL_FR_VEG
8544,Ijsbergsla - industrie,"Groenten, kruiden en sierplanten","Fruits, légumes, fleurs",FR_LE_FLE,"Flower, fruit, vegetable",FL_FR_VEG
8545,Raketsla - Rucola - industrie,"Groenten, kruiden en sierplanten","Fruits, légumes, fleurs",FR_LE_FLE,"Flower, fruit, vegetable",FL_FR_VEG
8546,Savooikool - industrie,"Groenten, kruiden en sierplanten","Fruits, légumes, fleurs",FR_LE_FLE,"Flower, fruit, vegetable",FL_FR_VEG
8548,Groene selder - industrie,"Groenten, kruiden en sierplanten","Fruits, légumes, fleurs",FR_LE_FLE,"Flower, fruit, vegetable",FL_FR_VEG
8550,Rammenas - industrie,"Groenten, kruiden en sierplanten","Fruits, légumes, fleurs",FR_LE_FLE,"Flower, fruit, vegetable",FL_FR_VEG
8551,Bleekselder - industrie,"Groenten, kruiden en sierplanten","Fruits, légumes, fleurs",FR_LE_FLE,"Flower, fruit, vegetable",FL_FR_VEG
8556,Pompoenen - industrie,"Groenten, kruiden en sierplanten","Fruits, légumes, fleurs",FR_LE_FLE,"Flower, fruit, vegetable",FL_FR_VEG
8557,Andere alternatieve slasoorten - industrie,"Groenten, kruiden en sierplanten","Fruits, légumes, fleurs",FR_LE_FLE,"Flower, fruit, vegetable",FL_FR_VEG
8559,Andere groenten - industrie,"Groenten, kruiden en sierplanten","Fruits, légumes, fleurs",FR_LE_FLE,"Flower, fruit, vegetable",FL_FR_VEG
8563,Ajuinen (vroege) - industrie,"Groenten, kruiden en sierplanten","Fruits, légumes, fleurs",FR_LE_FLE,"Flower, fruit, vegetable",FL_FR_VEG
8564,Wortel (vroege) (consumptie) - industrie,"Groenten, kruiden en sierplanten","Fruits, légumes, fleurs",FR_LE_FLE,"Flower, fruit, vegetable",FL_FR_VEG
859,Peterselie - industrie,"Groenten, kruiden en sierplanten","Fruits, légumes, fleurs",FR_LE_FLE,"Flower, fruit, vegetable",FL_FR_VEG
864,Basilicum - industrie,"Groenten, kruiden en sierplanten","Fruits, légumes, fleurs",FR_LE_FLE,"Flower, fruit, vegetable",FL_FR_VEG
906,Zoete aardappel,"Groenten, kruiden en sierplanten","Fruits, légumes, fleurs",FR_LE_FLE,"Flower, fruit, vegetable",FL_FR_VEG
931,Erwten (andere dan droog geoogst) - vers,"Groenten, kruiden en sierplanten","Fruits, légumes, fleurs",FR_LE_FLE,"Flower, fruit, vegetable",FL_FR_VEG
94,Snijbonen - vers,"Groenten, kruiden en sierplanten","Fruits, légumes, fleurs",FR_LE_FLE,"Flower, fruit, vegetable",FL_FR_VEG
9409,Pastinaak - vers,"Groenten, kruiden en sierplanten","Fruits, légumes, fleurs",FR_LE_FLE,"Flower, fruit, vegetable",FL_FR_VEG
9410,Stamslabonen/sperziebonen - vers,"Groenten, kruiden en sierplanten","Fruits, légumes, fleurs",FR_LE_FLE,"Flower, fruit, vegetable",FL_FR_VEG
9412,Flageolets (voor de boon) - vers,"Groenten, kruiden en sierplanten","Fruits, légumes, fleurs",FR_LE_FLE,"Flower, fruit, vegetable",FL_FR_VEG
9456,Butternutpompoenen - vers,"Groenten, kruiden en sierplanten","Fruits, légumes, fleurs",FR_LE_FLE,"Flower, fruit, vegetable",FL_FR_VEG
951,Andere groenten - vers,"Groenten, kruiden en sierplanten","Fruits, légumes, fleurs",FR_LE_FLE,"Flower, fruit, vegetable",FL_FR_VEG
9511,Asperges - vers,"Groenten, kruiden en sierplanten","Fruits, légumes, fleurs",FR_LE_FLE,"Flower, fruit, vegetable",FL_FR_VEG
9512,Spruitkool - vers,"Groenten, kruiden en sierplanten","Fruits, légumes, fleurs",FR_LE_FLE,"Flower, fruit, vegetable",FL_FR_VEG
9513,Sjalotten - vers,"Groenten, kruiden en sierplanten","Fruits, légumes, fleurs",FR_LE_FLE,"Flower, fruit, vegetable",FL_FR_VEG
9514,Ajuinen (niet vroege) - vers,"Groenten, kruiden en sierplanten","Fruits, légumes, fleurs",FR_LE_FLE,"Flower, fruit, vegetable",FL_FR_VEG
9515,Witloof (forcerie) - vers,"Groenten, kruiden en sierplanten","Fruits, légumes, fleurs",FR_LE_FLE,"Flower, fruit, vegetable",FL_FR_VEG
9517,Rabarber - vers,"Groenten, kruiden en sierplanten","Fruits, légumes, fleurs",FR_LE_FLE,"Flower, fruit, vegetable",FL_FR_VEG
9518,Kropsla - vers,"Groenten, kruiden en sierplanten","Fruits, légumes, fleurs",FR_LE_FLE,"Flower, fruit, vegetable",FL_FR_VEG
9519,Spinazie - vers,"Groenten, kruiden en sierplanten","Fruits, légumes, fleurs",FR_LE_FLE,"Flower, fruit, vegetable",FL_FR_VEG
9523,Bloemkool - vers,"Groenten, kruiden en sierplanten","Fruits, légumes, fleurs",FR_LE_FLE,"Flower, fruit, vegetable",FL_FR_VEG
9524,Boerenkool - vers,"Groenten, kruiden en sierplanten","Fruits, légumes, fleurs",FR_LE_FLE,"Flower, fruit, vegetable",FL_FR_VEG
9525,Broccoli - vers,"Groenten, kruiden en sierplanten","Fruits, légumes, fleurs",FR_LE_FLE,"Flower, fruit, vegetable",FL_FR_VEG
9526,Chinese kool - vers,"Groenten, kruiden en sierplanten","Fruits, légumes, fleurs",FR_LE_FLE,"Flower, fruit, vegetable",FL_FR_VEG
9527,Rode kool - vers,"Groenten, kruiden en sierplanten","Fruits, légumes, fleurs",FR_LE_FLE,"Flower, fruit, vegetable",FL_FR_VEG
9528,Koolraap - vers,"Groenten, kruiden en sierplanten","Fruits, légumes, fleurs",FR_LE_FLE,"Flower, fruit, vegetable",FL_FR_VEG
9529,Koolrabi - vers,"Groenten, kruiden en sierplanten","Fruits, légumes, fleurs",FR_LE_FLE,"Flower, fruit, vegetable",FL_FR_VEG
9530,Raap - vers,"Groenten, kruiden en sierplanten","Fruits, légumes, fleurs",FR_LE_FLE,"Flower, fruit, vegetable",FL_FR_VEG
9531,Radijs - vers,"Groenten, kruiden en sierplanten","Fruits, légumes, fleurs",FR_LE_FLE,"Flower, fruit, vegetable",FL_FR_VEG
9533,Schorseneer - vers,"Groenten, kruiden en sierplanten","Fruits, légumes, fleurs",FR_LE_FLE,"Flower, fruit, vegetable",FL_FR_VEG
9534,(Knol)venkel - vers,"Groenten, kruiden en sierplanten","Fruits, légumes, fleurs",FR_LE_FLE,"Flower, fruit, vegetable",FL_FR_VEG
9535,Wortel (niet-vroege) (consumptie) - vers,"Groenten, kruiden en sierplanten","Fruits, légumes, fleurs",FR_LE_FLE,"Flower, fruit, vegetable",FL_FR_VEG
9537,Andijvie - vers,"Groenten, kruiden en sierplanten","Fruits, légumes, fleurs",FR_LE_FLE,"Flower, fruit, vegetable",FL_FR_VEG
9538,Prei - vers,"Groenten, kruiden en sierplanten","Fruits, légumes, fleurs",FR_LE_FLE,"Flower, fruit, vegetable",FL_FR_VEG
9539,Bladselder - vers,"Groenten, kruiden en sierplanten","Fruits, légumes, fleurs",FR_LE_FLE,"Flower, fruit, vegetable",FL_FR_VEG
9540,Witte kool - vers,"Groenten, kruiden en sierplanten","Fruits, légumes, fleurs",FR_LE_FLE,"Flower, fruit, vegetable",FL_FR_VEG
9541,Courgettes - vers,"Groenten, kruiden en sierplanten","Fruits, légumes, fleurs",FR_LE_FLE,"Flower, fruit, vegetable",FL_FR_VEG
9542,Veldsla - vers,"Groenten, kruiden en sierplanten","Fruits, légumes, fleurs",FR_LE_FLE,"Flower, fruit, vegetable",FL_FR_VEG
9543,Knolselder - vers,"Groenten, kruiden en sierplanten","Fruits, légumes, fleurs",FR_LE_FLE,"Flower, fruit, vegetable",FL_FR_VEG
9544,Ijsbergsla - vers,"Groenten, kruiden en sierplanten","Fruits, légumes, fleurs",FR_LE_FLE,"Flower, fruit, vegetable",FL_FR_VEG
9545,Raketsla - Rucola - vers,"Groenten, kruiden en sierplanten","Fruits, légumes, fleurs",FR_LE_FLE,"Flower, fruit, vegetable",FL_FR_VEG
9546,Savooikool - vers,"Groenten, kruiden en sierplanten","Fruits, légumes, fleurs",FR_LE_FLE,"Flower, fruit, vegetable",FL_FR_VEG
9548,Groene selder - vers,"Groenten, kruiden en sierplanten","Fruits, légumes, fleurs",FR_LE_FLE,"Flower, fruit, vegetable",FL_FR_VEG
9550,Rammenas - vers,"Groenten, kruiden en sierplanten","Fruits, légumes, fleurs",FR_LE_FLE,"Flower, fruit, vegetable",FL_FR_VEG
9551,Bleekselder - vers,"Groenten, kruiden en sierplanten","Fruits, légumes, fleurs",FR_LE_FLE,"Flower, fruit, vegetable",FL_FR_VEG
9552,Tomaten - vers,"Groenten, kruiden en sierplanten","Fruits, légumes, fleurs",FR_LE_FLE,"Flower, fruit, vegetable",FL_FR_VEG
9554,Komkommers - vers,"Groenten, kruiden en sierplanten","Fruits, légumes, fleurs",FR_LE_FLE,"Flower, fruit, vegetable",FL_FR_VEG
9555,Aubergines - vers,"Groenten, kruiden en sierplanten","Fruits, légumes, fleurs",FR_LE_FLE,"Flower, fruit, vegetable",FL_FR_VEG
9556,Pompoenen - vers,"Groenten, kruiden en sierplanten","Fruits, légumes, fleurs",FR_LE_FLE,"Flower, fruit, vegetable",FL_FR_VEG
9557,Andere alternatieve slasoorten - vers,"Groenten, kruiden en sierplanten","Fruits, légumes, fleurs",FR_LE_FLE,"Flower, fruit, vegetable",FL_FR_VEG
9561,Witloofwortel,"Groenten, kruiden en sierplanten","Fruits, légumes, fleurs",FR_LE_FLE,"Flower, fruit, vegetable",FL_FR_VEG
9563,Ajuinen (vroege) - vers,"Groenten, kruiden en sierplanten","Fruits, légumes, fleurs",FR_LE_FLE,"Flower, fruit, vegetable",FL_FR_VEG
9564,Wortel (vroege) (consumptie) - vers,"Groenten, kruiden en sierplanten","Fruits, légumes, fleurs",FR_LE_FLE,"Flower, fruit, vegetable",FL_FR_VEG
9586,Artisjok - vers,"Groenten, kruiden en sierplanten","Fruits, légumes, fleurs",FR_LE_FLE,"Flower, fruit, vegetable",FL_FR_VEG
959,Peterselie - vers,"Groenten, kruiden en sierplanten","Fruits, légumes, fleurs",FR_LE_FLE,"Flower, fruit, vegetable",FL_FR_VEG
9602,Boomkweek - fruitkweek,"Groenten, kruiden en sierplanten","Fruits, légumes, fleurs",FR_LE_FLE,"Flower, fruit, vegetable",FL_FR_VEG
964,Basilicum - vers verbruik,"Groenten, kruiden en sierplanten","Fruits, légumes, fleurs",FR_LE_FLE,"Flower, fruit, vegetable",FL_FR_VEG
96,Niet-eetbare tuinbouwgewassen,Overige gewassen,"Fruits, légumes, fleurs",FR_LE_FLE,"Flower, fruit, vegetable",FL_FR_VEG
9724,Aardbeiplanten,Overige gewassen,"Fruits, légumes, fleurs",FR_LE_FLE,"Flower, fruit, vegetable",FL_FR_VEG
9811,Cichorei (inuline),Overige gewassen,"Fruits, légumes, fleurs",FR_LE_FLE,"Flower, fruit, vegetable",FL_FR_VEG
9812,Cichorei (koffiesurrogaat),Overige gewassen,"Fruits, légumes, fleurs",FR_LE_FLE,"Flower, fruit, vegetable",FL_FR_VEG
741,Voederkool (bladkool),Voedergewassen,"Fruits, légumes, fleurs",FR_LE_FLE,"Flower, fruit, vegetable",FL_FR_VEG
9716,Wijnstokken,Fruit en Noten,vigne,VIGNE,Vineyard,VINEYARD
963,Wijmenaanplantingen,Houtachtige gewassen,Vigne,VIGNE,Vineyard,VINEYARD
311,Wintertarwe,"Granen, zaden en peulvruchten",Blé tendre d'hiver,BLE_TEN_H,Winter bread wheat,WHEAT_B_W
6031,Zaaizaad wintertarwe of triticale,"Granen, zaden en peulvruchten",Blé tendre d'hiver,BLE_TEN_H,Winter bread wheat,WHEAT_B_W
312,Zomertarwe,"Granen, zaden en peulvruchten",Blé tendre de printemps,BLE_TEN_P,Spring bread wheat,WHEAT_B_S
321,Wintergerst,"Granen, zaden en peulvruchten",Orge d'hiver,ORGE_H,Winter barley,BARLEY_W
322,Zomergerst,"Granen, zaden en peulvruchten",Orge de printemps,ORGE_P,Spring barley,BARLEY_S
323,Brouwgerst,"Granen, zaden en peulvruchten",Autres,AUTRES,Other,OTHER
98,Faunamengsel,"Granen, zaden en peulvruchten",Autres,AUTRES,Other,OTHER
9590,Solitaire bomen,"Groenten, kruiden en sierplanten",Autres,AUTRES,Other,OTHER
602,Teeltmateriaal wijnstokken,Houtachtige gewassen,Autres,AUTRES,Other,OTHER
9825,Heide in natuurbeheer,Houtachtige gewassen,Autres,AUTRES,Other,OTHER
1,Hoofdgebouwen,Landbouwinfrastructuur,Autres,AUTRES,Other,OTHER
2,Andere stallen en gebouwen,Landbouwinfrastructuur,Autres,AUTRES,Other,OTHER
85,Andere bedekking,Overige gewassen,Autres,AUTRES,Other,OTHER
9,Onverharde landingsbaan of veiligheidszones op vliegvelden,Overige gewassen,Autres,AUTRES,Other,OTHER
9568,Plantgoed en teeltmateriaal van vlinderbloemige groenten,Overige gewassen,Autres,AUTRES,Other,OTHER
9569,Plantgoed en teeltmateriaal van niet-vlinderbloemige groenten,Overige gewassen,Autres,AUTRES,Other,OTHER
99,Teelt niet vast te stellen,Overige gewassen,Autres,AUTRES,Other,OTHER
999,Niet nader omschreven gewas - kleine landbouwer,Overige gewassen,Autres,AUTRES,Other,OTHER
3,"Poelen <= 0,1 ha",Water,Autres,AUTRES,Other,OTHER
332,Zomerrogge,"Granen, zaden en peulvruchten",Seigle de printemps,SEIGLE_P,Spring rye,RYE_S
639,Snijrogge,Overige gewassen,Seigle de printemps,SEIGLE_P,Spring rye,RYE_S
34,Japanse haver,"Granen, zaden en peulvruchten",Avoine d'hiver,AVOINE_H,Winter oat,OAT_W
341,Winterhaver,"Granen, zaden en peulvruchten",Avoine d'hiver,AVOINE_H,Winter oat,OAT_W
342,Zomerhaver,"Granen, zaden en peulvruchten",Avoine de printemps,AVOINE_P,Spring oat,OAT_S
35,Triticale,"Granen, zaden en peulvruchten",Triticale de printemps,TRITICA_P,Spring Triticale,TRITICA_S
36,Spelt,"Granen, zaden en peulvruchten",Épeautre,EPEAUTRE,Spelt,SPELT
37,Boekweit,"Granen, zaden en peulvruchten",Sarrasin,SARRASIN,Buckwheat,BUCKWHEAT
381,Sorghum,"Granen, zaden en peulvruchten",Sorgho,SORGHO,Sorghum,SORGHUM
382,Quinoa,"Granen, zaden en peulvruchten",céréales,CEREALES,Cereal,CEREAL
39,Andere granen (bv. Mengkoren),"Granen, zaden en peulvruchten",Céréales,CEREALES,Cereal,CEREAL
603,Zaaizaad graangewassen,"Granen, zaden en peulvruchten",Céréales,CEREALES,Cereal,CEREAL
383,Gierst,"Granen, zaden en peulvruchten",Millet,MILLET,Mil,MIL
4111,Winterkoolzaad,"Granen, zaden en peulvruchten",Colza d'hiver,COLZA_H,Winter rapeseed,RAPE_W
4112,Winterraapzaad,"Granen, zaden en peulvruchten",Colza d'hiver,COLZA_H,Winter rapeseed,RAPE_W
4121,Zomerkoolzaad,"Granen, zaden en peulvruchten",Colza de printemps,COLZA_P,Spring rapeseed,RAPE_S
42,Zonnebloempitten,"Granen, zaden en peulvruchten",Tournesol,TOURNESOL,Sunflower,SUNFLOWER
43,Sojabonen,"Granen, zaden en peulvruchten",Soja,SOJA,Soybean,SOYBEAN
44,Andere oliehoudende zaden,"Granen, zaden en peulvruchten",Autres oléagineux,AUTR_OLEA,Other oleaginous / oil seed,OT_OLEA
604,Zaaizaad olie- en vezelhoudende planten,"Granen, zaden en peulvruchten",Autres oléagineux,AUTR_OLEA,Other oleaginous / oil seed,OT_OLEA
51,Voedererwten (niet voor menselijke consumptie),"Granen, zaden en peulvruchten",Pois de printemps,POIS_P,Spring peas,PEA_S
52,Tuin- en veldbonen (niet voor menselijke consumptie),"Granen, zaden en peulvruchten",Fève,FEVE,bean (broad bean / fava bean),BEAN
832,Tuin- en veldbonen (Vicia faba) - industrie,"Groenten, kruiden en sierplanten",Fève,FEVE,bean (broad bean / fava bean),BEAN
932,Tuin- en veldbonen (Vicia faba) - vers,"Groenten, kruiden en sierplanten",Fève,FEVE,bean (broad bean / fava bean),BEAN
53,Niet-bittere lupinen,"Granen, zaden en peulvruchten",Lupin de printemps,LUPIN_P,Spring Lupin,LUPIN_S
541,Mengteelt wintertarwe of triticale en vlinderbloemige,"Granen, zaden en peulvruchten",Mélange de céréales,ML_CEREAL,Cereal mixture,CEREAL_MX
542,Mengteelt  andere granen en vlinderbloemige (bv. erwten en gerst,"Granen, zaden en peulvruchten",Mélange de céréales,ML_CEREAL,Cereal mixture,CEREAL_MX
60,Grasland,Grasland,Herbe prédominante,HERB_PRED,Grass prevailing,GRASS_PRE
601,Zaaizaad grassen,Grasland,Herbe prédominante,HERB_PRED,Grass prevailing,GRASS_PRE
63,Graskruiden mengsel,Grasland,Herbe prédominante,HERB_PRED,Grass prevailing,GRASS_PRE
955,Graszoden,Grasland,Herbe prédominante,HERB_PRED,Grass prevailing,GRASS_PRE
9828,Natuurlijk grasland met minimumactiviteit,Grasland,Herbe prédominante,HERB_PRED,Grass prevailing,GRASS_PRE
9829,Natuurlijk grasland zonder minimumactiviteit,Grasland,Herbe prédominante,HERB_PRED,Grass prevailing,GRASS_PRE
638,Festulolium,Overige gewassen,Herbe prédominante,HERB_PRED,Grass prevailing,GRASS_PRE
653,Soedangras,Overige gewassen,Herbe prédominante,HERB_PRED,Grass prevailing,GRASS_PRE
8,Volkstuinpark,Overige gewassen,Herbe prédominante,HERB_PRED,Grass prevailing,GRASS_PRE
81,Braakliggend land zonder minimale activiteit,Overige gewassen,Herbe prédominante,HERB_PRED,Grass prevailing,GRASS_PRE
82,Braakliggend land met minimale activiteit zonder EAG,Overige gewassen,Herbe prédominante,HERB_PRED,Grass prevailing,GRASS_PRE
89,Braakliggend land met minimale activiteit met EAG,Overige gewassen,Herbe prédominante,HERB_PRED,Grass prevailing,GRASS_PRE
745,Mengsel van gras en vlinderbloemigen (andere dan grasklaver of g,Voedergewassen,Herbe prédominante,HERB_PRED,Grass prevailing,GRASS_PRE
9823,Weiland met niet-oogstbare bomen (> 100 bomen per ha),Grasland,Bois pâturé,BOIS_PATU,Pasture wood,WOOD_PAS
9827,Weiland met oogstbare hoogstam bomen (> 100 bomen/ha),Grasland,Bois pâturé,BOIS_PATU,Pasture wood,WOOD_PAS
9581,Laanbomen,"Groenten, kruiden en sierplanten",Bois pâturé,BOIS_PATU,Pasture wood,WOOD_PAS
962,Kerstbomen,"Groenten, kruiden en sierplanten",Bois pâturé,BOIS_PATU,Pasture wood,WOOD_PAS
10,Bomenrijen,Houtachtige gewassen,Bois pâturé,BOIS_PATU,Pasture wood,WOOD_PAS
883,Bebossing (korte omlooptijd),Houtachtige gewassen,Bois pâturé,BOIS_PATU,Pasture wood,WOOD_PAS
8910,Bebossing loofbomen-ecologisch,Houtachtige gewassen,Bois pâturé,BOIS_PATU,Pasture wood,WOOD_PAS
8911,Bebossing loofbomen-economisch,Houtachtige gewassen,Bois pâturé,BOIS_PATU,Pasture wood,WOOD_PAS
8912,Bebossing naaldbomen,Houtachtige gewassen,Bois pâturé,BOIS_PATU,Pasture wood,WOOD_PAS
8915,Bebossing populieren,Houtachtige gewassen,Bois pâturé,BOIS_PATU,Pasture wood,WOOD_PAS
894,Bebossing met contract voor 2008,Houtachtige gewassen,Bois pâturé,BOIS_PATU,Pasture wood,WOOD_PAS
895,Bomen in groep,Houtachtige gewassen,Bois pâturé,BOIS_PATU,Pasture wood,WOOD_PAS
9560,Boomkweek - bos- en haagplanten,Houtachtige gewassen,Bois pâturé,BOIS_PATU,Pasture wood,WOOD_PAS
8532,Rode biet - industrie,"Groenten, kruiden en sierplanten",Betterave,BETTERAVE,Beet,BEET
9532,Rode biet - vers,"Groenten, kruiden en sierplanten",Betterave,BETTERAVE,Beet,BEET
91,Suikerbieten,Suikerbieten,Betterave,BETTERAVE,Beet,BEET
856,Andere kruiden -  industrie,"Groenten, kruiden en sierplanten","Plantes à parfum, aromatiques et médicinales",PLANT_PAM,Perfume aromatic medecinal plant,PAM_PLANT
860,Kervel - industrie,"Groenten, kruiden en sierplanten","Plantes à parfum, aromatiques et médicinales",PLANT_PAM,Perfume aromatic medecinal plant,PAM_PLANT
8620,Andere kolen - industrie,"Groenten, kruiden en sierplanten","Plantes à parfum, aromatiques et médicinales",PLANT_PAM,Perfume aromatic medecinal plant,PAM_PLANT
865,Bieslook - industrie,"Groenten, kruiden en sierplanten","Plantes à parfum, aromatiques et médicinales",PLANT_PAM,Perfume aromatic medecinal plant,PAM_PLANT
9547,Potchrysanten,"Groenten, kruiden en sierplanten","Plantes à parfum, aromatiques et médicinales",PLANT_PAM,Perfume aromatic medecinal plant,PAM_PLANT
9553,Paprika - vers,"Groenten, kruiden en sierplanten","Plantes à parfum, aromatiques et médicinales",PLANT_PAM,Perfume aromatic medecinal plant,PAM_PLANT
956,Andere kruiden - vers,"Groenten, kruiden en sierplanten","Plantes à parfum, aromatiques et médicinales",PLANT_PAM,Perfume aromatic medecinal plant,PAM_PLANT
957,Geneeskrachtige en aromatische planten en kruiden,"Groenten, kruiden en sierplanten","Plantes à parfum, aromatiques et médicinales",PLANT_PAM,Perfume aromatic medecinal plant,PAM_PLANT
9570,Azalea,"Groenten, kruiden en sierplanten","Plantes à parfum, aromatiques et médicinales",PLANT_PAM,Perfume aromatic medecinal plant,PAM_PLANT
9572,Bloembollen en -knollen,"Groenten, kruiden en sierplanten","Plantes à parfum, aromatiques et médicinales",PLANT_PAM,Perfume aromatic medecinal plant,PAM_PLANT
9573,"Groene kamerplanten (ficus, ...)","Groenten, kruiden en sierplanten","Plantes à parfum, aromatiques et médicinales",PLANT_PAM,Perfume aromatic medecinal plant,PAM_PLANT
9574,"Bloeiende kamerplanten (kalanchoë, ...)","Groenten, kruiden en sierplanten","Plantes à parfum, aromatiques et médicinales",PLANT_PAM,Perfume aromatic medecinal plant,PAM_PLANT
9575,Snijplanten < 5 jaar,"Groenten, kruiden en sierplanten","Plantes à parfum, aromatiques et médicinales",PLANT_PAM,Perfume aromatic medecinal plant,PAM_PLANT
9576,Snijbloemen - rozen,"Groenten, kruiden en sierplanten","Plantes à parfum, aromatiques et médicinales",PLANT_PAM,Perfume aromatic medecinal plant,PAM_PLANT
9577,Snijbloemen andere dan rozen < 5 jaar,"Groenten, kruiden en sierplanten","Plantes à parfum, aromatiques et médicinales",PLANT_PAM,Perfume aromatic medecinal plant,PAM_PLANT
9578,Perk- en balkonplanten,"Groenten, kruiden en sierplanten","Plantes à parfum, aromatiques et médicinales",PLANT_PAM,Perfume aromatic medecinal plant,PAM_PLANT
9580,Vaste planten,"Groenten, kruiden en sierplanten","Plantes à parfum, aromatiques et médicinales",PLANT_PAM,Perfume aromatic medecinal plant,PAM_PLANT
9582,Rozelaars,"Groenten, kruiden en sierplanten","Plantes à parfum, aromatiques et médicinales",PLANT_PAM,Perfume aromatic medecinal plant,PAM_PLANT
9583,Bloeiende heesters,"Groenten, kruiden en sierplanten","Plantes à parfum, aromatiques et médicinales",PLANT_PAM,Perfume aromatic medecinal plant,PAM_PLANT
9585,Snijplanten >= 5 jaar,"Groenten, kruiden en sierplanten","Plantes à parfum, aromatiques et médicinales",PLANT_PAM,Perfume aromatic medecinal plant,PAM_PLANT
9587,Snijbloemen andere dan rozen >= 5 jaar,"Groenten, kruiden en sierplanten","Plantes à parfum, aromatiques et médicinales",PLANT_PAM,Perfume aromatic medecinal plant,PAM_PLANT
9589,Niet-bloeiende heesters,"Groenten, kruiden en sierplanten","Plantes à parfum, aromatiques et médicinales",PLANT_PAM,Perfume aromatic medecinal plant,PAM_PLANT
960,Kervel - vers,"Groenten, kruiden en sierplanten","Plantes à parfum, aromatiques et médicinales",PLANT_PAM,Perfume aromatic medecinal plant,PAM_PLANT
9620,Andere kolen - vers,"Groenten, kruiden en sierplanten","Plantes à parfum, aromatiques et médicinales",PLANT_PAM,Perfume aromatic medecinal plant,PAM_PLANT
965,Bieslook - vers verbruik,"Groenten, kruiden en sierplanten","Plantes à parfum, aromatiques et médicinales",PLANT_PAM,Perfume aromatic medecinal plant,PAM_PLANT
983,Engelwortel - industrie,"Groenten, kruiden en sierplanten","Plantes à parfum, aromatiques et médicinales",PLANT_PAM,Perfume aromatic medecinal plant,PAM_PLANT
646,Tagetes (Afrikaantje),Overige gewassen,"Plantes à parfum, aromatiques et médicinales",PLANT_PAM,Perfume aromatic medecinal plant,PAM_PLANT
9536,Champignons (loods),Overige gewassen,"Plantes à parfum, aromatiques et médicinales",PLANT_PAM,Perfume aromatic medecinal plant,PAM_PLANT
9565,Jongplanten voor de sierteelt,Overige gewassen,"Plantes à parfum, aromatiques et médicinales",PLANT_PAM,Perfume aromatic medecinal plant,PAM_PLANT
9831,Bloemenmengsel,Overige gewassen,"Plantes à parfum, aromatiques et médicinales",PLANT_PAM,Perfume aromatic medecinal plant,PAM_PLANT
9832,Bloemenmengsel voor EAG Braak,Overige gewassen,"Plantes à parfum, aromatiques et médicinales",PLANT_PAM,Perfume aromatic medecinal plant,PAM_PLANT
4,Houtkanten en houtwallen <= 10 m breed,Houtachtige gewassen,Bordure,BORDURE,Border (field),BORDER
201,Silomaïs,Maïs,Maïs,MAIS,Maize,MAIZE
202,Korrelmaïs,Maïs,Maïs,MAIS,Maize,MAIZE
100,Niet ingezaaid akkerland,Overige gewassen,Surface temporairement non-exploitée,SURF_TNEX,No exploited surface,NO_EX_SUR
6,Begraasde niet-landbouwgrond,Overige gewassen,Surface temporairement non-exploitée,SURF_TNEX,No exploited surface,NO_EX_SUR
643,Gele mosterd,Overige gewassen,Moutarde,MOUTARDE,Mustard,MUSTARD
645,Phacelia,Overige gewassen,Biomasse,BIOMASSE,Biomass,BIOMASS
884,Miscanthus,Overige gewassen,Biomasse,BIOMASSE,Biomass,BIOMASS
647,Andere niet-vlinderbloemige groenbedekker,Overige gewassen,Légumineuses fourragères,LEGU_FOUR,Leguminous fodder,LEGU_FODD
648,Andere vlinderbloemige groenbedekker,Overige gewassen,Légumineuses fourragères,LEGU_FOUR,Leguminous fodder,LEGU_FODD
659,Mengsel van niet-vlinderbloemige groenbedekkers,Overige gewassen,Légumineuses fourragères,LEGU_FOUR,Leguminous fodder,LEGU_FODD
700,Grasklaver,Voedergewassen,Légumineuses fourragères,LEGU_FOUR,Leguminous fodder,LEGU_FODD
721,Eenjarige klaver,Voedergewassen,Légumineuses fourragères,LEGU_FOUR,Leguminous fodder,LEGU_FODD
722,Meerjarige klaver,Voedergewassen,Légumineuses fourragères,LEGU_FOUR,Leguminous fodder,LEGU_FODD
723,Rode klaver,Voedergewassen,Légumineuses fourragères,LEGU_FOUR,Leguminous fodder,LEGU_FODD
744,Mengsel van vlinderbloemigen,Voedergewassen,Légumineuses fourragères,LEGU_FOUR,Leguminous fodder,LEGU_FODD
747,Wikke,Voedergewassen,Légumineuses fourragères,LEGU_FOUR,Leguminous fodder,LEGU_FODD
656,Bladrammenas,Overige gewassen,Autres fourrages,AUTR_FOUR,Other fodder,OT_FODDER
71,Voederbieten,Voedergewassen,Autres fourrages,AUTR_FOUR,Other fodder,OT_FODDER
742,Voederwortelen,Voedergewassen,Autres fourrages,AUTR_FOUR,Other fodder,OT_FODDER
743,Andere voedergewassen,Voedergewassen,Autres fourrages,AUTR_FOUR,Other fodder,OT_FODDER
746,Voederrapen,Voedergewassen,Autres fourrages,AUTR_FOUR,Other fodder,OT_FODDER
9821,Tabak,Overige gewassen,Tabac,TABAC,tobacco,TOBACCO
9822,Hop,Overige gewassen,Houblon,HOUBLON,Hops,HOPS
45,Olievlas (geen vezelvlas),Vlas en hennep,Lin de printemps,LIN_P,Spring Flax,FLAX_S
872,Andere hennep dan vezelhennep (niet voor menselijke consumptie),Vlas en hennep,Chanvre,CHANVRE,Hemp,HEMP
922,Vezelhennep (bestemd voor vezelproductie),Vlas en hennep,Chanvre,CHANVRE,Hemp,HEMP
921,Vezelvlas (bestemd voor vezelproductie),Vlas en hennep,Lin fibres,LIN_FIBRE,Fiber Flax,FLAX_F
660,Grasluzerne,Voedergewassen,Luzerne,LUZERNE,Alfalfa,ALFALFA
731,Eenjarige luzerne,Voedergewassen,Luzerne,LUZERNE,Alfalfa,ALFALFA
732,Meerjarige luzerne,Voedergewassen,Luzerne,LUZERNE,Alfalfa,ALFALFA
897,Bos,,Surface boisée,SURF_BOIS,Woody surface,WOOD_SURF
